{
	"info": {
		"_postman_id": "139ec919-cfb9-4010-a6eb-ef5946750146",
		"name": "backend",
		"schema": "https://schema.getpostman.com/json/collection/v2.1.0/collection.json",
		"_exporter_id": "37122972"
	},
	"item": [
		{
			"name": "Alumnos",
			"item": [
				{
					"name": "Create",
					"event": [
						{
							"listen": "test",
							"script": {
								"exec": [
									"pm.test(\"Status 201\", () => {",
									"    pm.response.to.have.status(201);",
									"});"
								],
								"type": "text/javascript",
								"packages": {}
							}
						}
					],
					"request": {
						"method": "POST",
						"header": [],
						"body": {
							"mode": "raw",
							"raw": "{\n    \"padron\": 1235,\n    \"nombre\": \"Juan\",\n    \"apellido\": \"Perez2\"\n}",
							"options": {
								"raw": {
									"language": "json"
								}
							}
						},
						"url": {
							"raw": "{{base_url}}/alumnos",
							"host": [
								"{{base_url}}"
							],
							"path": [
								"alumnos"
							]
						}
					},
					"response": []
				},
				{
					"name": "By id",
					"event": [
						{
							"listen": "test",
							"script": {
								"exec": [
									"pm.test(\"Status 200\", () => {",
									"    pm.response.to.have.status(200);",
									"});",
									"",
									"const jsonData = pm.response.json();",
									"pm.test(\"Nombre correcto\", () => {",
									"    pm.expect(jsonData.nombre).equals(\"Juan\");",
									"    pm.expect(jsonData.apellido).equal(\"Perez2\");",
									"});"
								],
								"type": "text/javascript",
								"packages": {}
							}
						}
					],
					"request": {
						"method": "GET",
						"header": [
							{
								"key": "Content-Type",
								"value": "application/json",
								"type": "text"
							}
						],
						"url": {
							"raw": "{{base_url}}/alumnos/:id",
							"host": [
								"{{base_url}}"
							],
							"path": [
								"alumnos",
								":id"
							],
							"variable": [
								{
									"key": "id",
									"value": "1235"
								}
							]
						}
					},
					"response": []
				},
				{
					"name": "All",
					"event": [
						{
							"listen": "test",
							"script": {
								"exec": [
									"pm.test(\"Status 200\", () => {",
									"    pm.response.to.have.status(200);",
									"});",
									"",
									"const jsonData = pm.response.json();",
									"pm.test(\"Resultado con valores\", () => {",
									"    pm.expect(jsonData).have.length.greaterThan(0);",
									"});"
								],
								"type": "text/javascript",
								"packages": {}
							}
						}
					],
					"request": {
						"method": "GET",
						"header": [
							{
								"key": "Content-Type",
								"value": "application/json",
								"type": "text"
							}
						],
						"url": {
							"raw": "{{base_url}}/alumnos",
							"host": [
								"{{base_url}}"
							],
							"path": [
								"alumnos"
							]
						}
					},
					"response": []
				},
				{
					"name": "Actualizar",
					"event": [
						{
							"listen": "test",
							"script": {
								"exec": [
									"pm.test(\"Status 200\", () => {",
									"    pm.response.to.have.status(200);",
									"});",
									"",
									"const jsonData = pm.response.json();",
									"pm.test(\"Nombre correcto\", () => {",
									"    pm.expect(jsonData.nombre).equals(\"Juan\");",
									"    pm.expect(jsonData.apellido).equal(\"Perez\");",
									"});"
								],
								"type": "text/javascript",
								"packages": {}
							}
						}
					],
					"request": {
						"method": "PUT",
						"header": [],
						"body": {
							"mode": "raw",
							"raw": "{\n    \"nombre\": \"Juan\",\n    \"apellido\": \"Perez\"\n}",
							"options": {
								"raw": {
									"language": "json"
								}
							}
						},
						"url": {
							"raw": "{{base_url}}/alumnos/:padron",
							"host": [
								"{{base_url}}"
							],
							"path": [
								"alumnos",
								":padron"
							],
							"variable": [
								{
									"key": "padron",
									"value": "1235"
								}
							]
						}
					},
					"response": []
				},
				{
					"name": "Borrar",
					"event": [
						{
							"listen": "test",
							"script": {
								"exec": [
									"pm.test(\"Status 200\", () => {",
									"    pm.response.to.have.status(200);",
									"});",
									"",
									"const jsonData = pm.response.json();",
									"pm.test(\"Nombre correcto\", () => {",
									"    pm.expect(jsonData.nombre).equals(\"Juan\");",
									"    pm.expect(jsonData.apellido).equal(\"Perez\");",
									"});"
								],
								"type": "text/javascript",
								"packages": {}
							}
						}
					],
					"request": {
						"method": "DELETE",
						"header": [
							{
								"key": "Content-Type",
								"value": "application/json",
								"type": "text"
							}
						],
						"url": {
							"raw": "{{base_url}}/alumnos/:id",
							"host": [
								"{{base_url}}"
							],
							"path": [
								"alumnos",
								":id"
							],
							"variable": [
								{
									"key": "id",
									"value": "1235"
								}
							]
						}
					},
					"response": []
				},
				{
					"name": "Search",
					"request": {
						"method": "GET",
						"header": [],
						"url": {
							"raw": "{{base_url}}/alumnos/search?nombre=Juan",
							"host": [
								"{{base_url}}"
							],
							"path": [
								"alumnos",
								"search"
							],
							"query": [
								{
									"key": "nombre",
									"value": "Juan"
								},
								{
									"key": "apellido",
									"value": "Perez",
									"disabled": true
								}
							]
						}
					},
					"response": []
				}
			]
		},
		{
			"name": "Notas",
			"item": [
				{
					"name": "Por nombre y apellido",
					"request": {
						"method": "GET",
						"header": [],
						"url": {
							"raw": "{{base_url}}/notas/:nombre/:apellido",
							"host": [
								"{{base_url}}"
							],
							"path": [
								"notas",
								":nombre",
								":apellido"
							],
							"variable": [
								{
									"key": "nombre",
									"value": "Juan"
								},
								{
									"key": "apellido",
									"value": "Perez"
								}
							]
						}
					},
					"response": []
				}
			]
		}
	],
	"event": [
		{
			"listen": "prerequest",
			"script": {
				"type": "text/javascript",
				"packages": {},
				"exec": [
					""
				]
			}
		},
		{
			"listen": "test",
			"script": {
				"type": "text/javascript",
				"packages": {},
				"exec": [
					""
				]
			}
		}
	],
	"variable": [
		{
			"key": "base_url",
			"value": "localhost:5000/api/v1",
			"type": "string"
		}
	]
}